{"cameraMode":{"drawMode":0,"name":"Shaded","section":"Shading Mode"},"sceneLighting":false,"audioPlay":false,"sceneViewState":{"m_AlwaysRefresh":false,"showFog":true,"showSkybox":false,"showFlares":true,"showImageEffects":true,"showParticleSystems":true,"showVisualEffectGraphs":true,"m_FxEnabled":true},"in2DMode":false,"pivot":{"x":-0.02376389503479004,"y":0.053089141845703128,"z":25.900001525878908},"rotation":{"x":0.17608042061328889,"y":0.006501153577119112,"z":-0.0011470409808680416,"w":0.9843959808349609},"size":28.615406036376954,"orthographic":false}